Tomato Meter,Title,Year
97%,The Godfather,1972
100%,Seven Samurai,1954
99%,Casablanca,1942
99%,Rear Window,1954
99%,L.A. Confidential,1997
99%,On the Waterfront,1954
98%,Chinatown,1974
98%,Modern Times,1936
99%,The Battle of Algiers,1966
98%,Schindler's List,1993
100%,12 Angry Men,1957
99%,All About Eve,1950
99%,Parasite,2019
100%,Singin' in the Rain,1952
100%,Stop Making Sense,1984
98%,Sunset Boulevard,1950
100%,Toy Story,1995
99%,The Third Man,1949
100%,Toy Story 2,1999
96%,Top Gun: Maverick,2022
93%,Star Wars: Episode IV - A New Hope,1977
99%,Godzilla Minus One,2023
100%,Cool Hand Luke,1967
100%,The Philadelphia Story,1940
99%,How to Train Your Dragon,2010
100%,M,1931
99%,Citizen Kane,1941
96%,The Godfather Part II,1974
100%,Three Colors: Red,1994
100%,The Decalogue,1989
99%,A Separation,2011
100%,The Kid,1921
99%,"Summer of Soul (...Or, When the Revolution Could Not Be Televised)",2021
98%,Toy Story 3,2010
99%,Finding Nemo,2003
98%,Dr. Strangelove Or: How I Learned to Stop Worrying and Love the Bomb,1964
99%,Still: A Michael J. Fox Movie,2023
97%,Sinners,2025
98%,Up,2009
100%,The Wages of Fear,1953
99%,The Maltese Falcon,1941
97%,Spotlight,2015
99%,The Wrestler,2008
100%,Grave of the Fireflies,1988
97%,North by Northwest,1959
97%,Psycho,1960
99%,Bicycle Thieves,1948
97%,Spider-Man: Into the Spider-Verse,2018
98%,The Wizard of Oz,1939
98%,The Father,2020
98%,It Happened One Night,1934
96%,Spirited Away,2001
100%,The Treasure of the Sierra Madre,1948
99%,The 400 Blows,1959
98%,Zootopia,2016
97%,Double Indemnity,1944
97%,Annie Hall,1977
100%,Man on Wire,2008
100%,Wallace & Gromit: Vengeance Most Fowl,2024
97%,Coco,2017
97%,The Wild Robot,2024
98%,Inside Out,2015
100%,The Sorrow and the Pity,1969
99%,Shoplifters,2018
100%,Kind Hearts and Coronets,1949
100%,Tampopo,1985
98%,Mission: Impossible - Fallout,2018
100%,Witness for the Prosecution,1957
100%,Tokyo Story,1953
100%,Before Sunrise,1995
97%,Jaws,1975
99%,Wolfwalkers,2020
100%,Nights of Cabiria,1957
97%,"The Good, the Bad and the Ugly",1966
93%,Alien,1979
99%,Selma,2014
97%,I'm Still Here,2024
97%,Metropolis,1927
99%,"Are You There God? It's Me, Margaret.",2023
100%,A Man Escaped,1956
99%,Paddington 2,2017
98%,All About My Mother,1999
100%,Fanny and Alexander,1982
98%,The Last Picture Show,1971
98%,Pather Panchali,1955
100%,Stalker,1979
98%,A Hard Day's Night,1964
100%,Minding the Gap,2018
100%,Laura,1944
98%,Let the Right One In,2008
100%,No Other Land,2024
100%,Crip Camp,2020
97%,The Best Years of Our Lives,1946
98%,All Quiet on the Western Front,1930
99%,The Shop Around the Corner,1940
100%,"Rome, Open City",1945
98%,Ikiru,1952
99%,His Girl Friday,1940
97%,Knives Out,2019
98%,The Gold Rush,1925
